<?xml version="1.0" encoding="UTF-8"?>
<GenRun Id="impl_1" LaunchPart="xc7a100tfgg484-2" LaunchTime="1570515595">
  <File Type="PWROPT-DCP" Name="EEPROM_TOP_pwropt.dcp"/>
  <File Type="ROUTE-PWR" Name="EEPROM_TOP_power_routed.rpt"/>
  <File Type="PA-TCL" Name="EEPROM_TOP.tcl"/>
  <File Type="ROUTE-PWR-SUM" Name="EEPROM_TOP_power_summary_routed.pb"/>
  <File Type="REPORTS-TCL" Name="EEPROM_TOP_reports.tcl"/>
  <File Type="BG-DRC" Name="EEPROM_TOP.drc"/>
  <File Type="OPT-METHODOLOGY-DRC" Name="EEPROM_TOP_methodology_drc_opted.rpt"/>
  <File Type="INIT-TIMING" Name="EEPROM_TOP_timing_summary_init.rpt"/>
  <File Type="OPT-HWDEF" Name="EEPROM_TOP.hwdef"/>
  <File Type="OPT-DCP" Name="EEPROM_TOP_opt.dcp"/>
  <File Type="OPT-DRC" Name="EEPROM_TOP_drc_opted.rpt"/>
  <File Type="OPT-TIMING" Name="EEPROM_TOP_timing_summary_opted.rpt"/>
  <File Type="PWROPT-DRC" Name="EEPROM_TOP_drc_pwropted.rpt"/>
  <File Type="PWROPT-TIMING" Name="EEPROM_TOP_timing_summary_pwropted.rpt"/>
  <File Type="PLACE-DCP" Name="EEPROM_TOP_placed.dcp"/>
  <File Type="PLACE-IO" Name="EEPROM_TOP_io_placed.rpt"/>
  <File Type="PLACE-CLK" Name="EEPROM_TOP_clock_utilization_placed.rpt"/>
  <File Type="PLACE-UTIL" Name="EEPROM_TOP_utilization_placed.rpt"/>
  <File Type="PLACE-UTIL-PB" Name="EEPROM_TOP_utilization_placed.pb"/>
  <File Type="PLACE-CTRL" Name="EEPROM_TOP_control_sets_placed.rpt"/>
  <File Type="PLACE-SIMILARITY" Name="EEPROM_TOP_incremental_reuse_placed.rpt"/>
  <File Type="PLACE-PRE-SIMILARITY" Name="EEPROM_TOP_incremental_reuse_pre_placed.rpt"/>
  <File Type="PLACE-TIMING" Name="EEPROM_TOP_timing_summary_placed.rpt"/>
  <File Type="POSTPLACE-PWROPT-DCP" Name="EEPROM_TOP_postplace_pwropt.dcp"/>
  <File Type="POSTPLACE-PWROPT-TIMING" Name="EEPROM_TOP_timing_summary_postplace_pwropted.rpt"/>
  <File Type="PHYSOPT-DCP" Name="EEPROM_TOP_physopt.dcp"/>
  <File Type="PHYSOPT-DRC" Name="EEPROM_TOP_drc_physopted.rpt"/>
  <File Type="BG-BIT" Name="EEPROM_TOP.bit"/>
  <File Type="PHYSOPT-TIMING" Name="EEPROM_TOP_timing_summary_physopted.rpt"/>
  <File Type="ROUTE-ERROR-DCP" Name="EEPROM_TOP_routed_error.dcp"/>
  <File Type="ROUTE-DCP" Name="EEPROM_TOP_routed.dcp"/>
  <File Type="ROUTE-BLACKBOX-DCP" Name="EEPROM_TOP_routed_bb.dcp"/>
  <File Type="ROUTE-DRC" Name="EEPROM_TOP_drc_routed.rpt"/>
  <File Type="ROUTE-DRC-PB" Name="EEPROM_TOP_drc_routed.pb"/>
  <File Type="BITSTR-MSK" Name="EEPROM_TOP.msk"/>
  <File Type="ROUTE-DRC-RPX" Name="EEPROM_TOP_drc_routed.rpx"/>
  <File Type="BG-BGN" Name="EEPROM_TOP.bgn"/>
  <File Type="ROUTE-METHODOLOGY-DRC" Name="EEPROM_TOP_methodology_drc_routed.rpt"/>
  <File Type="BITSTR-RBT" Name="EEPROM_TOP.rbt"/>
  <File Type="ROUTE-METHODOLOGY-DRC-RPX" Name="EEPROM_TOP_methodology_drc_routed.rpx"/>
  <File Type="BG-BIN" Name="EEPROM_TOP.bin"/>
  <File Type="ROUTE-METHODOLOGY-DRC-PB" Name="EEPROM_TOP_methodology_drc_routed.pb"/>
  <File Type="ROUTE-PWR-RPX" Name="EEPROM_TOP_power_routed.rpx"/>
  <File Type="ROUTE-STATUS" Name="EEPROM_TOP_route_status.rpt"/>
  <File Type="ROUTE-STATUS-PB" Name="EEPROM_TOP_route_status.pb"/>
  <File Type="ROUTE-TIMINGSUMMARY" Name="EEPROM_TOP_timing_summary_routed.rpt"/>
  <File Type="ROUTE-TIMING-PB" Name="EEPROM_TOP_timing_summary_routed.pb"/>
  <File Type="ROUTE-TIMING-RPX" Name="EEPROM_TOP_timing_summary_routed.rpx"/>
  <File Type="ROUTE-SIMILARITY" Name="EEPROM_TOP_incremental_reuse_routed.rpt"/>
  <File Type="RDI-RDI" Name="EEPROM_TOP.vdi"/>
  <File Type="ROUTE-CLK" Name="EEPROM_TOP_clock_utilization_routed.rpt"/>
  <File Type="POSTROUTE-PHYSOPT-DCP" Name="EEPROM_TOP_postroute_physopt.dcp"/>
  <File Type="POSTROUTE-PHYSOPT-BLACKBOX-DCP" Name="EEPROM_TOP_postroute_physopt_bb.dcp"/>
  <File Type="POSTROUTE-PHYSOPT-TIMING" Name="EEPROM_TOP_timing_summary_postroute_physopted.rpt"/>
  <File Type="POSTROUTE-PHYSOPT-TIMING-PB" Name="EEPROM_TOP_timing_summary_postroute_physopted.pb"/>
  <File Type="POSTROUTE-PHYSOPT-TIMING-RPX" Name="EEPROM_TOP_timing_summary_postroute_physopted.rpx"/>
  <File Type="BITSTR-NKY" Name="EEPROM_TOP.nky"/>
  <File Type="BITSTR-BMM" Name="EEPROM_TOP_bd.bmm"/>
  <File Type="BITSTR-MMI" Name="EEPROM_TOP.mmi"/>
  <File Type="BITSTR-LTX" Name="debug_nets.ltx"/>
  <File Type="BITSTR-LTX" Name="EEPROM_TOP.ltx"/>
  <File Type="BITSTR-SYSDEF" Name="EEPROM_TOP.sysdef"/>
  <File Type="WBT-USG" Name="usage_statistics_webtalk.html"/>
  <FileSet Name="sources" Type="DesignSrcs" RelSrcDir="$PSRCDIR/sources_1">
    <Filter Type="Srcs"/>
    <File Path="$PSRCDIR/sources_1/new/i2c_controller.v">
      <FileInfo>
        <Attr Name="UsedIn" Val="synthesis"/>
        <Attr Name="UsedIn" Val="implementation"/>
        <Attr Name="UsedIn" Val="simulation"/>
      </FileInfo>
    </File>
    <File Path="$PSRCDIR/sources_1/new/i2c_master.v">
      <FileInfo>
        <Attr Name="UsedIn" Val="synthesis"/>
        <Attr Name="UsedIn" Val="implementation"/>
        <Attr Name="UsedIn" Val="simulation"/>
      </FileInfo>
    </File>
    <File Path="$PSRCDIR/sources_1/new/EEPROM_TOP.v">
      <FileInfo>
        <Attr Name="UsedIn" Val="synthesis"/>
        <Attr Name="UsedIn" Val="implementation"/>
        <Attr Name="UsedIn" Val="simulation"/>
      </FileInfo>
    </File>
    <Config>
      <Option Name="DesignMode" Val="RTL"/>
      <Option Name="TopModule" Val="EEPROM_TOP"/>
      <Option Name="TopAutoSet" Val="TRUE"/>
    </Config>
  </FileSet>
  <FileSet Name="constrs_in" Type="Constrs" RelSrcDir="$PSRCDIR/constrs_1">
    <Filter Type="Constrs"/>
    <File Path="$PSRCDIR/constrs_1/new/pinout.xdc">
      <FileInfo>
        <Attr Name="UsedIn" Val="synthesis"/>
        <Attr Name="UsedIn" Val="implementation"/>
      </FileInfo>
    </File>
    <Config>
      <Option Name="ConstrsType" Val="XDC"/>
    </Config>
  </FileSet>
  <Strategy Version="1" Minor="2">
    <StratHandle Name="Vivado Implementation Defaults" Flow="Vivado Implementation 2017"/>
    <Step Id="init_design"/>
    <Step Id="opt_design"/>
    <Step Id="power_opt_design"/>
    <Step Id="place_design"/>
    <Step Id="post_place_power_opt_design"/>
    <Step Id="phys_opt_design"/>
    <Step Id="route_design"/>
    <Step Id="post_route_phys_opt_design"/>
    <Step Id="write_bitstream"/>
  </Strategy>
  <BlockFileSet Type="BlockSrcs" Name="clk_wiz_0"/>
  <BlockFileSet Type="BlockSrcs" Name="ila_0"/>
</GenRun>
